date,avg_connectivity_pct,avg_latency_sec,avg_oee_pct,total_downtime_hours,total_integration_errors
2026-09-21,95.1,2.43,76.6,7.9,37
2026-09-22,94.3,3.07,78.4,8.8,22
2026-09-23,95.4,2.3,72.6,10.0,38
2026-09-24,94.4,2.53,76.4,13.2,38
2026-09-25,95.9,2.27,73.5,10.8,24
2026-09-26,95.0,2.42,72.8,9.4,41
2026-09-27,94.6,3.07,76.5,9.7,37
2026-09-28,96.3,3.05,76.3,10.5,37
2026-09-29,95.4,2.67,76.1,10.2,29
2026-09-30,94.8,2.47,77.5,8.0,29
2026-10-01,89.7,3.51,69.1,19.2,42
2026-10-02,88.4,2.83,69.3,18.4,55
2026-10-03,95.4,3.64,72.5,10.8,30
2026-10-04,95.1,2.73,75.5,12.3,22
